{"algorithm": "DQN", "env": "LunarLander-v3", "config": {"episodes": 400, "max_steps": 1000, "gamma": 0.99, "learning_rate": 0.001, "batch_size": 64, "buffer_size": 100000, "min_buffer": 10000, "update_target_every": 1000, "epsilon_start": 1.0, "epsilon_end": 0.05, "epsilon_decay": 0.995, "device": "cpu"}, "training": {"episodes": 400, "rewards": [-332.0221198689216, -86.07649983984278, -131.7584597150175, -326.0650238084623, -84.64479875624987, -135.25571913816862, -89.41007171204885, -108.91627402881551, -77.31560629490482, -310.3135449666138, -130.95633948796882, -235.03624136543792, -63.69254868225512, -196.20441948278665, -89.29712883417186, -149.6084827202229, -117.83494609680957, -112.76542138601704, -166.43116712439308, -186.08062134094658, -90.88582711854352, -95.28390283090378, -67.83702745371076, -136.7538900597356, -110.24923807174146, -149.0155408062753, -81.13206790013254, -147.3824605783933, -105.5296631146612, -123.37052680158395, -79.05940792284504, -60.28043652614562, -63.94323652742546, -109.0041910788097, -30.268276662207285, -103.25353100909096, -80.42809912528253, -147.82887110522117, -42.84491024140726, -158.68210294581013, -93.31521362375696, -88.79096903165667, -31.628143594251185, -126.03184362282019, -82.06824388136087, -69.1208455258668, -116.16602637711607, -107.17169815256618, -86.85191800504197, -165.66155373062395, -114.47650622149598, -70.7403976395567, -101.4157894511878, -119.1632027638943, -165.34825469193152, -164.14754729807186, -85.228502932933, -60.83768003268338, -97.61616081476544, -67.04562088592621, -96.98777008636033, -69.05510977368886, -45.441933028960264, -192.22597935572085, -141.27789100443727, -60.82615895131741, -36.23152120029918, -85.71724473285725, -229.0594055875126, -82.72726663915974, -121.35089186121564, -45.68336052622644, -43.16560800339866, 8.454544353152485, -60.005461377337355, -134.77457169377448, -62.561412120359066, -90.18538699898369, -88.19062183240104, -55.53049437687145, -56.347646214769306, -15.788925792042406, -98.04550507121276, -2.7505876106566234, 44.71957685098883, -18.71639557351456, -55.571643053790424, -168.93593503656882, -72.99443062130024, -22.675462322138927, -88.84984338400953, -301.9610112028736, 26.179577970045173, -102.03533110397504, -263.08336003579814, -63.75346735421924, -13.24906791730072, -125.69146637944563, -60.13359527526541, -65.15777779661283, -102.47521533166675, -124.54834973589958, -73.80312590933903, -63.58208001819241, -37.56564992893837, -33.409324733388445, -85.84354987686545, -76.18043734657557, 49.115989832352625, -13.796229444336618, -83.1815846287408, -90.48622107335542, -38.65224771291591, -36.845682514642775, -201.02046759098556, 5.924982890936477, 29.82422810348794, -17.271745610975955, 26.93610834128154, -70.91553609740606, 22.883810815817682, -4.81060366044128, -155.11392981903785, -36.267741522823655, -58.094074360799134, 5.194859383292524, -53.89839937872479, -11.590281849100293, -52.855679437828435, -26.585708121400856, -82.62539950427077, -11.058333811604896, 84.94577894967492, -53.880623401583335, -34.170035542044275, -16.69066258566643, -23.539340669838694, 24.035430489994198, -16.359092654563895, 67.92980746429184, -33.7691428782026, -26.56790364192807, -62.71159971948117, -33.2601128421808, -37.0698411359688, -55.56219804614093, 27.930874376167694, -61.50309430097476, 87.68754806998051, -23.873247126071135, -161.82331564856122, 0.22142479590046227, 15.346063804545267, -52.58198217782382, -244.29055039298254, -1.683747320875412, 31.902784554341046, 57.45527180210814, 74.5039468095361, -30.64372308494565, -4.372949499709122, -11.602459413386455, -29.940157480216925, 34.13285161292532, -17.485131387620356, -9.832543626495095, -21.57037485980254, -23.035874197146512, -46.45896257683648, -19.936069908979405, -38.55356333968827, 10.173069109162356, -55.294982913688614, -64.27067163939947, -142.15090620522588, -15.576362096932385, 26.823499330873474, 56.47917883352986, -1.478574092040688, -10.634750659694106, 36.540927668747145, -52.06560727557945, -4.208459640960527, -29.0358404174345, 120.09597263665754, 18.23282655815335, -3.697410880695898, -18.13981394383083, 5.443084033293019, -43.219319824821156, 0.1707704887004553, -38.737658671032875, 49.13107175234888, -10.037022304373295, -27.877159293859037, -137.43821089287013, -50.59709738413129, -105.83078934383228, -45.97644134539934, 91.93289704990832, 94.3159110255505, -43.41140726231301, 16.071834716389475, 18.789586159447964, 32.18307054838776, -208.17158211316246, 65.61595790249264, 119.41727531733501, -41.11183886891188, 64.63888721637397, -167.68962442511898, -37.1853581048603, 21.395915883794274, -15.965059916719042, 37.29002088826877, -68.92918162441833, -14.213363005966883, 134.31341063788835, 46.6749362022874, 67.71517809373968, 16.024533555261428, 44.04122929949551, 122.13179347547944, 1.5005518025695324, -32.82161383756464, -25.098874739520696, 10.245922352283358, 89.14062102532203, 30.527352103468928, 22.673680049813754, -20.003745926447337, 129.33869139949712, -29.32134435255948, -12.82628745826382, 4.625190717281086, -54.59510867743063, 111.21572533883291, 16.62644981691858, 7.635010300604378, -42.685512276076295, 125.82206909097995, 37.33260607459775, 200.86017155562615, -18.882544441116337, -3.495814458270999, 4.971797656000623, 141.53686365181903, 61.360447091354544, 179.60272321302855, 20.09155941083945, 39.19647696956298, 143.88199508534137, 79.2944880360599, 52.33085090717486, 109.30666348038127, 41.20121933260245, 128.35215041846322, 121.38254746521483, 116.73016507945322, 77.54272688722776, -7.477277860754427, 67.25986938811215, -7.145447097239398, 83.97196729961493, 147.76405044469627, 59.151334880385605, 117.84392497094466, -95.08248135985815, 27.31963704458751, 124.89560062068944, 123.33915287066657, 264.3649941311646, 161.29392456358343, 200.06995536885557, 168.49642628775055, 153.55448490753128, 155.14446032064635, 226.42279924530817, 23.44513744698719, 103.89712926431491, -14.724252770931088, 22.567231984676283, 16.352578873841452, 41.668079644267635, 120.91566057299659, -23.05847762734254, 7.876816132601434, -353.02551920962696, -58.36911492030147, -3.7685819106663665, 17.275177370597618, 28.42926247861476, -143.74547115190336, 11.959368444017443, 16.359975744718806, -93.30662931533635, -93.55976601235372, 153.40774111772762, 114.65313937624774, 52.9976933952243, 57.00652533978755, 116.6706348095369, 135.72886382904588, 121.45387171454678, 141.70213641527457, 83.5160664652962, 42.35172597631515, -56.13524949256071, 130.65739194125874, 45.40204506091379, 152.40513919202368, 260.93177542604707, 80.31483891621434, 151.6945762409126, 141.07931053792282, 34.821939654073546, 227.4555455910637, 170.7434232266582, 241.3151146255266, 101.04044909584242, 141.46838308467375, 241.86039151963968, 199.3246750210091, 206.24483472696699, -15.81325509190657, 66.00170883589655, 58.30801457770283, -22.854251276711366, 123.07200875495379, 71.98541425209658, 213.7636096837627, 63.8324149659021, 128.7405022136943, 136.04328991594988, 209.0083281208634, 102.53431171198774, 233.67516998864002, 118.551277212403, 99.90925863741911, 231.12850718495943, 112.40992722389983, 184.6883147769033, 30.733233637095054, 118.2613390010588, 92.61724933809406, 260.29533465154225, 171.86062635137108, 123.73591358180278, 227.03045991025434, 268.7673250022172, 143.85147063767076, 107.84991496353953, 170.024913279238, 222.3050864964258, 158.3854275421051, 118.20140215546563, 156.76448174917584, 118.44743777350311, 204.10576415937203, 200.25551597398237, 40.97109242556813, 230.0739245727084, 158.8541658815852, 231.7253861136234, 250.9857788676988, 148.22488524055026, 93.75524518371232, 157.51976586782166, 305.6123918046493, 296.0527329264799, 255.46231794122266, 118.20658693925151, 36.822498130787835, 154.1597165949536, 142.40363902495466, 321.393087062968, 88.82643369179463, 227.4070523416192, 270.32674214401965, 273.37983188357214, 154.5557406828645, 261.2042395596985, 124.07917250160303, 