{"algorithm": "Dueling DQN", "env": "LunarLander-v3", "config": {"episodes": 400, "max_steps": 1000, "gamma": 0.99, "learning_rate": 0.001, "batch_size": 64, "buffer_size": 100000, "min_buffer": 10000, "update_target_every": 1000, "epsilon_start": 1.0, "epsilon_end": 0.05, "epsilon_decay": 0.995, "device": "cpu"}, "training": {"episodes": 400, "rewards": [42.825151888021, -198.34239739281804, -82.01372189772576, -271.8598155104151, -217.03592840030723, -176.75285402323794, -357.4396043427269, -245.26530263616547, -95.24414220574663, -105.91808212494809, -50.056932050028024, -302.32401916298465, -128.5227325251105, -325.6530172689372, -58.448796806169646, -191.9692327381274, -123.8412797153011, -57.54771743698485, -104.59646147016097, -127.45558611061401, -92.9989832581308, -113.2672254589676, -201.05453026314834, -78.41369411219553, -286.20507058928786, -121.8090923425815, -154.09934924722037, -98.43071661707518, -68.85280750702924, -166.24681757343, -97.1510486348673, -188.7752592310739, -112.87106960679425, -302.2693796308483, -213.5758868363914, -140.3182290737041, -92.95104223448024, -121.00581787308602, -276.14004109406915, -117.92053882500528, -518.8906608859444, -75.79999457373265, -96.14111755388676, -102.79486988779475, -153.29739506159768, -132.81309129854117, -77.57351919451155, 61.14291165713561, -108.77722649559334, -62.40095396742072, -100.2970161568056, -125.80935017537342, -88.6384633892904, -126.16802521742417, -107.98160749822249, -76.51160684691791, -125.9759524696791, -84.9960940828228, -89.75324714576182, -33.73983392812633, -69.15078484219086, -32.3034279598761, -8.374367870432565, -121.66864321209168, -87.88742087683664, -68.19441888976127, -87.72040435698811, -60.56481204615973, -95.30977100388594, -92.05898990173917, -144.8965330057373, -48.28130563993676, -87.97519513581781, -78.72937464702522, -94.09960219792721, -70.98423435330524, -59.36875905158375, -109.22446355260854, -61.428688705198255, -143.8167440034054, -76.04149514415995, -6.974604650770473, -124.63449014361206, -64.61476456533823, -89.70489405755178, -96.20142958686583, -90.23990432783147, -51.70695880930376, -37.16526829240397, -58.81780074333497, -86.80159613246397, -67.61727446115079, -51.89151624715723, -92.31103740228211, -88.16736191087271, -44.78258709617921, -11.996344364307475, -58.0589697672352, -42.604246823580254, -39.76109086391941, -59.30497378741674, -41.270232152438425, 16.073559434424368, -38.659470544157315, -180.52413300793785, -10.634449359632526, -35.86018193624915, -80.38624945546505, -18.54210526058725, -28.041056256702802, -57.38382257838473, -14.549948100963647, -94.93902930254544, -16.171937468667267, -10.63938043530868, -38.267318527800796, -51.078601982239064, 21.60025836730516, -86.82726307566645, -33.64713832067741, -61.9747636504556, -17.487493967993117, -49.209827763623395, -16.792039403420347, -39.168695517386155, -6.252043130296144, -59.67471676879853, -33.17912133853349, 100.33164758105798, -67.76254962366968, -7.790491869325557, -23.89819230686632, 19.233380699482566, -49.48035542645401, -5.685826339412273, 78.33515871314245, -15.882287560504793, -15.392256838453164, -50.91528059074639, 2.2214479110299123, -7.819193148545509, 28.87870757685974, -5.227069618480314, 32.36003561048756, -87.04935472561206, -20.981893006474294, -39.216454389326515, -61.33018162247842, -224.02185287560457, 13.094270087091049, 17.250000174248044, -65.50715339570866, -24.63787241596854, -20.989143348390385, -15.998332704007467, -4.587521434011265, -24.406200121953397, 1.5719104388491767, -108.00482794352708, -40.23703379380281, 1.5302906652784978, -32.78124509277929, -132.72350320628047, -11.193955790620862, 54.15010431356229, -56.180647711320375, -14.723434754806513, -85.64686840305686, -8.68438925012039, 17.812518661654504, 67.66513804888999, 9.465438882298699, -42.037714656751604, -165.0750960390477, -31.803776823125247, -21.650448642781214, 14.560646145014218, -10.83738570162727, 32.41453474609423, 97.24626176799302, -24.523354190696608, -6.579433171810351, 16.87225450066117, 125.01283374188262, 17.04360385965404, 128.83625597654145, 137.53338212041845, 29.427051131843292, -27.011618504556438, 134.06578544992576, 78.08643893272884, 150.68160020083604, 59.883612415064604, 125.59260390693301, 126.01737102888274, 108.13715865470807, 119.64676497146351, -32.87709473162913, -7.054888332922701, -28.512113650813703, 20.383129507393917, 27.683719732973003, 110.6849929761914, 123.64405028535887, 137.59455255281142, -6.317523982738209, 108.05457230039826, 28.286645789150782, 134.39210049051178, 97.26517231819211, 148.00614918920618, 2.908416384882699, 5.423327899316192, -34.92241632903365, 8.265254477434596, 140.68344363487597, -2.6027879265443374, 23.057618265491413, 219.86568502024164, 51.89545979935204, 151.94010016503674, -20.25649474801601, 104.45579826111448, 4.165986962719643, 9.156195734114519, 27.950656960040575, -31.637791548134587, 20.62882465451915, 21.545096155578335, 17.874828122760917, 28.59570671506313, -19.83941828372862, 20.417344012770926, 138.96847558065906, 81.43140482813297, -6.771594579827976, 140.71757366676434, 144.02327450227642, 242.00227347232962, -5.092397688843704, 136.35365053066303, 127.96549201587317, 15.21577938633979, 102.87228630715734, -22.544608236950353, 254.53067608906966, 106.33489978253345, -4.482055157150526, -0.04533467164939964, 13.557799573156416, -24.75893901611495, 3.032592940111016, 18.398308173275865, -3.9425782097725914, 36.72517137471576, -56.550537603202464, 147.95167486459178, 255.41912059542366, 27.55707308531389, 272.11833489356104, 116.29155741218071, -3.3651719754636815, 4.669788139824675, 150.2657506714719, 281.1817539807257, 3.32212821647461, 5.4711347390583285, -41.170799435386044, 13.873318293023502, 257.7423702693423, -24.875060300682435, 11.126227370302345, 115.0168134777475, -4.518112112795691, 132.6895325500116, 102.3919437297474, 246.24189456061697, 12.874180001753501, 20.810839954174213, 276.19207532831064, 2.1294106149884584, -28.842602661013615, 35.39636213418643, -20.251046279233165, -29.442264910688564, 272.62530831433514, 19.361276191240947, 23.794744195714216, -20.24644570910023, 140.77608836588806, 247.89542402670108, -36.731258053384195, -169.0269395660166, 5.564406438805392, 270.7004910295222, 157.15196831597183, 259.4738641927581, -29.417118806237767, 28.467887634610577, 0.40973714676138684, -42.11667193856394, 36.056914195449934, 5.247560625329214, 3.1357171165961546, 17.1954718156244, 24.912795212521004, 129.5011058363984, 38.19486191611449, -11.171371719736882, 136.6217047164411, 11.851874188960934, 264.43340392621144, 35.67908783085488, 4.266654127023344, 24.47515998383173, -8.977305389942316, 20.273645736225717, -0.05600834206906313, 243.6895681683491, 126.85842375302332, 2.354073073744061, -30.549873255908096, 24.65555258150188, -26.58004416999171, 20.852327717746235, -0.49105952497744454, 4.664597896747367, -57.21456015357707, 256.0774996268515, 1.3163653771988635, 263.04806894064245, 11.725708365850736, 12.11478675945007, 11.143330190735838, 129.5369771683557, 250.45840474737403, 288.08073163713397, -30.555384422085737, -8.635242497702322, 70.58828767784388, 280.03971659955005, 136.3818222485167, 0.3478442054142761, 23.35306476368629, -42.44525260238268, 5.210511709230843, 129.20434997530745, 228.75168453665725, -29.15088772567175, 257.87534064397096, 124.40375388950791, 292.0858241973665, 267.74673123746686, -12.864413128364447, 10.094752748160843, 13.580086234487226, 226.6185827959879, 253.274709977217, 5.7455298131939685, 28.826361527352617, 9.11214273020343, 123.98184649028948, 164.2222531749447, 227.03146102456657, 217.56491985097858, 255.06615450766654, 301.062184554254, 235.70411646075576, 285.3841100273631, -32.59282210086141, 255.04078784081267, -36.36210992347159, -208.79703547595108, 197.35223087795245, 164.01565347208378, 6.917656735702238, 283.751314545881, 271.2056940864723, -6.065534722145031, 127.8553912465579, -13.72355441143553, -3.109305107468444, 