{"algorithm": "DQN + Prioritized Replay", "env": "LunarLander-v3", "config": {"episodes": 400, "max_steps": 1000, "gamma": 0.99, "learning_rate": 0.001, "batch_size": 64, "buffer_size": 100000, "min_buffer": 10000, "update_target_every": 1000, "epsilon_start": 1.0, "epsilon_end": 0.05, "epsilon_decay": 0.995, "device": "cpu", "per_alpha": 0.6, "per_beta0": 0.4}, "training": {"episodes": 400, "rewards": [-427.9943993298583, -244.02245516233273, -375.84829076958647, -307.40282808152915, -139.51822743013557, -89.69143033635152, -68.57042696124142, -110.57332619651649, -129.54328926107985, -104.0865698775987, -77.25938489358283, -152.75558752193, -109.23803509315985, -85.89499814967803, -129.12641373968825, -127.38787193425411, -103.7980932898412, -68.84543450607914, -177.4176605399791, -83.9365128064659, -122.22544378821785, -104.75529452134197, -219.84339004447008, -37.86144383808414, -125.05444483387194, -87.47575644131014, -17.809823867635984, -100.43770244374645, -108.1105138633316, -90.93977602780548, -213.5134956152637, -105.74623514406676, -112.1933540158482, -113.42597353244201, -215.162843867072, -86.23102861163952, -206.64415446225271, -75.22269040990652, -87.1876630882336, -152.59951215388207, -67.6517795535814, -184.727181429761, -88.95206889990453, -320.3610303672554, -38.74116035077415, -90.81670720712923, -81.13561498556908, -212.86747672533957, -321.0740525746323, -122.87227623270589, -84.3347451309166, -59.89003690672247, -61.9220934017672, -87.21164491468733, -141.26872303790577, -54.33763666632875, -211.13096301194304, -101.78017235256318, -73.19986137525066, -105.53213492140345, -68.90597229472228, -102.53782145127997, -101.85413555109797, -51.6720096588411, -118.42716548273074, -96.34168079714014, -74.24244575353023, -298.97858586886343, -77.39346415848155, -69.27327683232282, -15.721339690693952, -73.25587630783758, -104.10785086338514, -42.188634186001764, -26.827023442100057, -19.757701536103937, -49.250360718642526, -97.1623256425018, -113.2894047068626, -74.96597309538734, -35.62052147067823, -65.47082257090361, -62.76356857593062, -72.05808927633018, -220.77674829335365, -109.19575843821445, -28.699585146423047, -39.42570066277926, 21.45747584344342, -79.61552799719296, -21.79816594793155, -61.8499920650628, -74.37201095383378, -87.11707003169482, -73.37844557179821, -59.922565013024126, 12.215599863765547, -163.26370092129653, -153.4218559211491, -76.2211554165383, -220.09178357131367, -41.639949482027994, -82.59882971179371, -74.25788414676119, -70.55073237336028, -58.46908950312228, -19.591836134078335, -61.50293073095169, -34.79984010240571, -57.13429647910874, -52.29088457353332, -51.23528173649109, -26.876569781037034, -91.09302512670877, -48.203598383673366, -22.571935334878262, -66.97321347533779, -53.60192091085165, -37.36548280468311, 13.209708140047482, -42.43480459644361, -86.39144704972495, -303.80098260280306, -16.331223666278206, -80.5681691047399, -51.69512630441726, -101.18312422344594, 12.516502935801498, -68.33920650337674, -78.77763931904848, -193.4298536188781, -63.10696672369905, -31.39789603062235, -32.11970632234713, 31.234904668471188, -4.7373685085236446, -132.21117578114973, -11.313240881798336, -57.21985681436243, -41.67174092659067, -73.65237952788345, 30.115228611965534, -108.89471060863673, 1.5197641200487766, -88.73382340107726, -29.626965111290033, -95.14795704358515, -47.129892989228516, -42.790923748955564, -22.27470267826807, 13.73340911702428, -19.55872748587609, 14.611731804027855, -9.033323166712421, -8.4046548089656, -29.48961692476277, -116.12221580853365, 26.787069560991768, -28.22009802723163, -160.1905071288831, -42.314664904449934, -77.0785378983426, -22.236214437704206, -37.98427812628222, -8.515209794583413, 22.157577200635117, -38.878441097544155, -25.907757185184565, -42.14068447913433, 12.259931093081775, -97.8085801874816, -22.806065825069695, -16.071216491638552, -0.9688919536058336, 11.133870574907789, -50.15851046440325, 22.337127204980575, -4.465475034018581, 15.227416064585142, -6.624463618155744, 45.07941615769363, 0.5229637852733908, -82.74767197716417, -73.13204623024751, -76.45240400831798, 2.967049235871139, -179.35378802060603, -235.2792658288956, -188.8691489720216, -38.17657553322545, 16.92391368174747, 29.66206818946125, -281.964729831347, -165.52880697558828, -35.14836676408024, 88.08436616910937, -23.499055208925398, -34.46263449444399, 9.882981411607958, -37.368316499039715, -19.61500596823491, -198.64655936115298, -258.5534086379338, -45.11393175047586, -89.25230276764651, 75.28879775582887, 126.61470024549781, 101.41328801097879, -220.13935038265396, -170.15751135611674, -55.473069756881, -2.2023891702938556, 138.61296716405752, 140.67649116087526, -31.05389516292678, -11.420119533863257, -17.724803444411208, 26.471581085810357, -92.10621919050948, 30.66589091443126, 7.325971806955849, 18.235338880354092, -50.07917649522825, 84.42038523872688, 113.75511217964433, 141.82464837980388, 128.63694003736146, -37.61716902411317, -27.853157046134513, -38.677879456235225, 107.9328360573502, -21.050597964228473, -8.442698327136128, -38.43664180054982, 155.83214369106392, 22.660954486678293, 140.4621651619917, -4.999794355749742, 30.43472132282909, 110.269955580918, 120.1177731053918, -37.373102881169984, 82.46126572703548, -17.36311668742026, 159.46680879801153, 119.63460908931604, 140.9487191959286, 20.336662878501585, 128.57401360183232, 108.34014966367279, -16.786082019926738, 154.12962934449115, 128.2034774001097, 146.35089896762133, 120.01016543606721, 1.8596972095770354, -6.63467501174695, 144.92085971171824, -16.81435700658858, -22.217496934825704, 74.10599455979516, 153.90975516046575, 120.34904262528407, 91.07878256296813, -6.680059098169778, 167.4746892124354, 152.08477572410283, 90.0757663562978, 29.33962547764932, 125.76096993237007, 142.64561000133017, 126.633190567491, 129.5357463976552, 112.6668840834756, -38.20899050747896, 126.32665880843679, 147.48903786269568, 68.40613169691119, 106.12921086793699, 127.22469645178973, 266.08608808630004, 148.80645758740533, 69.57346582027888, 132.50182129692737, 150.6416447405587, 147.49987024072985, 2.887909426394586, 135.7108021250442, 34.39601133939482, 108.92780467786442, 119.55480755903743, 145.89202631858268, 67.91627460515546, 145.08674932308952, 210.1168548700616, 21.46003857116196, 103.93453985844016, 134.784405634309, 20.65867859606867, 110.25849453204312, 41.26387163701038, 10.16795409301119, 3.5498782963691866, -48.38072563147044, 157.68542655584622, 85.84411585062612, 145.3602704698343, 147.6343856399818, -13.48713061293715, 19.657471144997643, 21.51681026536135, 25.629489620366186, 186.73778001315003, -5.911160787487648, 29.583273159593105, -120.82446307666673, 94.54026131754514, 122.66802148813022, 102.64675665743414, 3.9834439229472736, -22.699858404027673, 135.45616687011307, 38.83493327168634, 145.84894591780673, 109.37191736168174, 91.61916586616441, 81.99107932255112, -97.3153375138537, -154.7284973990085, -41.809049622596056, 91.6803432385068, 135.30162897613226, -78.95393183663424, 125.00960800063577, -87.11593840210575, 32.277606208353134, 17.439514116483366, 106.31112426761005, 136.33323007633504, 11.9605259659574, -132.7755262182946, -24.00941423753072, 15.145806963332959, 112.06756303760908, 103.6200092370633, -108.72511868646558, -111.61344583680541, 131.64071795537657, 7.340435098010133, 46.88432289370581, -11.151464457773997, -184.69200419849201, -140.95882578584622, 35.021095181089265, 162.16221430640402, -4.399410233145346, -7.993148169081806, 72.94806902813683, 123.75291513608245, 122.67224170886595, -116.90151627402497, 127.77272365017718, 127.8675371279294, 135.76910416711087, 168.04029567035323, 121.57692529174045, -142.1830286892561, 173.13897047782655, 142.45599286033178, -103.1188008189028, -21.12064147503837, 30.90362601387875, 52.7034908640461, 12.901776479986722, 126.64099976733522, 30.841045147741426, 255.2502242462078, 162.54639173852274, 128.8688825864957, 