{"algorithm": "Double DQN", "env": "LunarLander-v3", "config": {"episodes": 400, "max_steps": 1000, "gamma": 0.99, "learning_rate": 0.001, "batch_size": 64, "buffer_size": 100000, "min_buffer": 10000, "update_target_every": 1000, "epsilon_start": 1.0, "epsilon_end": 0.05, "epsilon_decay": 0.995, "device": "cpu"}, "training": {"episodes": 400, "rewards": [-116.66311328441398, -92.07108815711617, -110.33554321208325, -318.4848066818514, -93.43619695102302, -144.25917016491493, -120.56842399768442, -330.99165325131617, -113.27106263063322, -57.916834969178886, -98.46858689404056, -227.09224861622818, -78.01541113160734, -291.7108776646038, -294.4901137195959, -158.96781299021308, -152.06592012663577, -103.90698615142084, -386.1124605340069, -111.27820987450411, -73.71645888923904, -78.23357057533782, -195.3607524956562, -112.92758590873034, -69.25052259434534, -96.57774252555504, -175.47838901959344, -54.37527998308981, -123.14029754652077, -94.45880238627547, -96.04239031253472, -77.4405438061049, -80.94895882941474, 109.19060031693279, -98.66835430777114, -187.6730329416971, -412.25917083780985, -350.67326281124997, -123.75217900430334, -348.1018555373106, -279.05682120445306, -122.30820740982054, -55.737506667361224, -69.28746970300656, -92.50999115393213, -234.18764209238063, -82.4665978684113, -58.167202711450884, -220.92593483087444, -55.70548472646227, -43.419531174494296, -166.8425702955279, -61.19042118102865, -202.92299800108162, -18.51928728594639, -85.61976362774577, 0.0159769941342347, -43.275194312274266, -57.714931213668436, -41.76529225188606, -112.74859518688493, -62.14839603789096, -66.55767917393942, -56.76950751699046, -92.70613312474725, -79.65274563284011, -94.75627707397926, -25.048007084321142, -37.98204610509973, -63.28854074455045, -58.49519915530037, -62.08600360869342, -209.57573331576702, -61.81750405130808, -59.9137596946213, -48.07804970026575, -65.27327545379427, -21.218697882268103, -9.33661134266471, -64.08099289405696, -68.681991054367, -11.599272130824346, -40.3131771298909, -236.0363715036774, 26.611097255958143, 19.901983410951402, -81.55471326128371, -106.13111804358047, -4.981650892971544, 7.90544989167573, -219.3405653822062, -101.98770689571758, -42.57204088912437, -12.99630714913286, -16.6723092236425, 44.88811553251249, -66.73067772940888, -53.59945600689741, -86.8863955587496, -23.86171992621989, -10.011049078217113, 49.03166234456074, -8.738249382476795, -83.39174783627362, -94.78131518623657, -12.535459743453359, -41.83979044884774, -76.67295221903836, -33.09164597355719, -24.39157758138154, -44.24766119237046, -43.018898336896186, -28.10906576939736, -18.715154146207226, -54.124344336743434, -2.9783966467296352, -39.15313592173658, -10.00454406543706, -12.752705196365653, -71.29373901045045, -14.834038848083694, -20.849490449833596, 6.151590523601669, -163.26589652723047, 13.627887905867262, -2.656054415378435, 0.395620571189653, -12.655443940215505, -24.416820700860157, 1.1393021386515156, -77.98618107446976, -29.38486450043611, -30.27167057071449, 33.21865795654396, -23.609485405776226, -168.32028845460263, -15.728052386204666, -261.1352467141468, -289.33235078325316, -43.70680986960207, -235.91624399297467, 44.00075560547858, -66.50515719122495, 49.354868772122146, -27.231004789288534, -28.174268124722104, 49.33867802167077, 26.672807831398053, -11.571680747055652, -40.22147849862387, -37.97485708482094, -38.20904227614015, -53.66817453213929, -9.53842252470784, 28.54717402404296, -32.84821060608171, -19.492242689755226, 9.156624260548398, 9.098999865384613, -11.22410859547783, -138.50193745507704, 24.662947326028288, 3.6767928626276216, 0.3210515808270167, 46.43373358312493, 22.816145169249054, 8.911214961773723, -76.22762358863459, -71.47662118614335, 4.107427018096118, 16.082882983432654, 50.43518227970904, -26.357050590976115, -58.6129628548013, -45.4518767016511, 10.900389932778339, 4.726155461119021, -7.357767336328678, 16.211744207627138, -31.615801231211364, 12.80066055611718, -6.864310297659898, -39.52618757962129, -8.003124749187336, -0.6259447350415286, 15.069851194735435, 48.183726322359206, 29.748785208112622, -58.33095399596303, -2.2403074044674103, 0.3022207284242455, -54.57187063977093, -18.58959971441017, 46.51164297635063, 6.848530467434728, -12.784509247131055, -5.620239627930971, -32.825241948089456, 84.32054078804256, -27.51000127729751, 82.93963087171713, 5.188702224220464, -53.80846162061833, -37.71456074616901, 2.6173008962372393, 9.366550703172678, 35.87541729271251, 93.00307949865973, 25.430408935575773, 78.68510932538558, 29.050833350850297, 45.40707946342849, 21.583647989840514, -29.567508111600958, 90.7235932224472, -60.88450508049132, -15.073310214468165, 52.39029317376403, -14.699230057066941, 5.266870512306269, -9.415274575846126, -7.5193340144274, 118.43574754496402, 10.971895394192398, -21.357767913366743, 13.92245992245067, 108.04863893541719, 52.96653878812967, 95.89534095935495, 107.35576741759276, 16.90076446423943, 110.26576298879884, -52.78395255996763, -9.81735530097184, 28.077543599778235, 123.87179877906976, 146.60607693768793, -48.603831792392015, 40.41127781406712, 103.0095416205683, 121.3526480984872, 31.266555393408197, 120.63114703147711, 69.1693923671735, 57.89215045936196, 105.24872988040293, 118.04167343834662, -11.287049370109656, 130.14472501595623, 90.14403937165363, 140.68171636560692, 95.62826025673883, -44.795316987698314, 13.079569613057375, -0.9415924130413909, 98.59948575035357, 117.31126684464334, 136.2921655110129, -33.99653708173396, 160.16723426434075, -26.548530057027996, 61.198778627445506, 109.81826253170067, 143.2165538212734, 33.976307314212136, 51.59385476414903, 32.37302100871972, 54.20122103005832, 85.39495434746316, 147.83311972772694, 135.28552883181644, 31.984332731037313, 179.24988201443585, 119.38870513397616, 105.25413595847525, 133.6584060181096, 135.17609675752578, -58.62172544045471, 146.3077325456453, 82.3623020588018, -28.822779965910456, 129.32512235729777, 162.56567460908238, 120.10900966908156, 188.5562764727694, 151.6977226796579, -197.06436627375078, 152.4364382910549, 22.251117343082157, 87.6215014001968, 19.864999003473997, 83.600479303547, 140.97867562819883, 96.6822945501215, 121.04333982117184, 135.22358307117088, 147.89658099026565, 137.6632985563252, 100.80619733910682, 166.11599652201264, 155.63276869486705, -16.511120781929193, 125.78955801777498, 237.4836480265219, 122.42219714180892, 221.40086942642841, -17.55701201006214, 4.975321671706936, 12.705001996242842, 132.56208697711082, 270.38403526861725, 168.21057160982224, 110.48945426367347, 53.73338819941179, 258.44268089300897, -34.445921041366546, 97.31080919748054, 91.48245037397571, 249.48270721363497, 101.76922304002524, 142.14276855812832, 155.07238256750207, -4.758019083687458, 39.46489790317972, 120.54541716541543, 50.06445223348081, 161.39554227333906, 153.41015926126747, 256.84073082418865, 249.46165716380742, 243.265374660341, 123.09898460996962, 183.53696962216168, 25.987953143208202, 27.134672810945787, 48.62034123872695, 137.024059212189, 31.421531569690586, 34.70502551569936, 159.46868096112254, 58.85475504169074, -13.584446101004175, 161.9029941384179, 82.12639357588417, 157.6672741240628, 3.4273553229208176, 170.35484658906603, -42.91626336342918, 154.87386378034148, 152.53646115712255, 129.14633644430765, 149.05012861286872, 135.80465272923334, 148.89391895001657, 123.93413094741877, 20.782709009155056, 45.24900819576695, 127.08935418330924, 184.89017316731022, 162.94455294899052, 182.7202462467556, 163.56643116333552, -28.142260162120706, 180.72974259667424, 174.44985549338656, 178.49353578566812, 5.5731186844241165, 192.43394751600863, 130.5520089144088, 16.85978105805934, 253.09007517951267, 230.71039438082767, 21.04301346957834, 271.78646489359903, 225.66960486306144, 149.941824599049, 17.12119308048848, 13.713912918910182, -11.393005861516087, 14.569454859199823, -31.7658002733303, 289.0312024529763, 92.51648996667717, 