{"algorithm": "DQN", "env": "LunarLander-v3", "config": {"episodes": 400, "max_steps": 1000, "gamma": 0.99, "learning_rate": 0.001, "batch_size": 64, "buffer_size": 100000, "min_buffer": 10000, "update_target_every": 1000, "epsilon_start": 1.0, "epsilon_end": 0.05, "epsilon_decay": 0.995, "device": "cpu"}, "training": {"episodes": 400, "rewards": [-108.58144675825139, -121.30719300694442, -372.37949294526373, -116.29155854165944, -176.14240998726365, -227.38250559918694, -96.91648727220189, -401.01452193349144, -92.08230442218348, -267.88039758381757, -44.301298821256594, -96.98590208976859, -252.09236020709758, -114.67885654034644, -79.42888338895469, -190.75671954880997, -155.29461741856448, -209.42508721547009, -223.78569193464307, -88.3440475011111, -16.594294107531553, -202.6951972631609, -52.80192901605316, -205.43458040598085, -130.96318848712025, -95.3133085966058, -111.10506143352966, -62.609816434198194, 26.53818848948842, -95.7938329284296, -80.57386646165432, -290.7434323001236, -282.1416277040742, -162.75575082285266, -126.13794967264235, 23.056323607899856, -138.41914514285318, -129.3176061196586, -112.1899111328665, -82.10259616321687, -74.55619400357347, -50.26041476147134, -70.48812451713736, 25.738848251915414, -85.89301238087879, -88.70703835188263, -302.8650846455964, -118.17860375659887, -170.93252846809665, -3.6044524402302187, -139.86201428705587, -219.23049587058463, -69.1235584226651, -85.20487850861487, -114.7788058710537, -126.87090895992233, -68.40586922732538, -108.12485380160399, -114.92493814830992, -34.12495105066523, -84.93194649653675, -54.06328481518722, -71.25989133744038, -84.70628948719835, -94.62821599356768, -62.29255056822035, -76.61211922558925, -36.15561231339987, -312.5784832083939, -70.82839899447978, -40.286343098761435, -81.25975736515856, 13.017381327101575, -47.54224049683597, -154.83640156262624, -389.0965372623916, -91.91134228607345, -65.77256053808264, -88.88423251033248, -179.31779769520517, -82.94381654126184, -25.016867435629123, -104.42840172052249, -85.36240458066645, -100.23865991658872, -178.3831886552021, -72.96414522840541, 22.496298271315396, -26.86670579977502, -26.623574807710327, 54.054930123823254, -74.21450138318927, -81.95725061577576, -153.65844189556367, -47.8387107080506, -22.00614666808916, -111.02456516486205, 15.089194060157809, -8.935024093560656, -111.95965763201069, -83.09932887400473, -40.36487259677958, -93.78112251563113, 5.029340880591292, -83.1867303119863, -45.67534813241474, -57.63894574326167, -137.8390819656693, -28.42747866677965, -35.329397515027225, 7.781740074029258, 26.27957689731383, -80.84481810717283, -37.55348780194505, -27.3559725077575, -89.10846079849453, 1.1892223368740105, -342.39572257282066, -15.144343891272513, -101.9888253948345, -59.618328543685664, 8.544378174187003, -77.5473754648, 1.6207327203549586, -60.38431209785156, -43.74160105712161, -25.4290540838561, -47.72461080720941, -35.610476423331335, -4.422232423447696, -38.954310049113786, -36.51581388239154, -22.604549578695625, -2.243683086567756, -37.52625804657917, -24.7384207902699, 55.813413149395984, -25.119787595152715, 9.775503171519295, -2.4284892058590186, -111.09768466757953, -12.010149148139476, -191.54102648587406, -122.10364711921005, 45.69889299309893, -20.70102502355347, 20.54443597761272, -68.34801303591513, -48.04230235401276, -22.655721140109637, 16.174072514484138, -18.98008794458468, -5.855205511427727, -69.74733478206376, 28.395437298443316, 106.89693721878429, 59.44239909968708, 10.172659430969631, -36.619697647986655, -108.66757539963277, -13.87900817955422, -64.16190197063926, -30.06581570967478, 54.164334458225156, 3.1180184507143878, 34.72135584167566, -36.992160393181706, -44.52062339099537, -62.16706022324513, -18.218593562235498, 59.93470438034744, 22.879398458380546, -16.15233308835667, -28.43880219359653, -126.63987320960614, 87.33860758828257, 63.65001045194923, 13.655650360549785, 107.8564384246184, 88.29911187078176, 39.78163990311876, 30.90282671186941, -95.09823103597233, 132.16426149138593, 132.27897039038493, -55.854001057017186, 57.638725138911184, 95.84856903218508, 18.960878581698864, 31.878021767159453, -43.29204796788832, -6.46095799904775, -39.71141404486713, 26.272946961137407, -42.30304566491216, -141.20535396171402, 26.866485887071576, -10.224531137939024, -17.359729843250136, 31.516084818539525, 87.65121838774786, 145.66918512340857, -2.927058419658607, 37.29584765297372, -22.46793874333645, -183.41279756110308, 153.1864797402975, -31.694310884525976, -17.622856082304864, 41.39179329916786, 26.427116609004823, -29.61177546508692, 148.2668227674715, 121.10037137656049, 141.17480470895302, -28.862618881796607, -5.637743452829852, 110.76490317594627, 40.072023452944734, 19.36452652401762, 8.371889636801413, -54.04391690207072, 122.40808510818835, 225.35851137261653, 15.221990408179593, 104.02344378462391, -3.431667083911094, 11.525043298523247, 122.09885289402564, 48.385197373822024, -7.554192699533843, 141.04643297611295, 1.26104590602013, -40.33973600807778, -17.784591260906453, -25.89616042395707, 102.81942834396531, -20.130690075073588, 157.5427055189149, 40.805162022253874, 8.78506478365422, 34.30989675577118, 36.73058666385592, 26.2851445850291, 75.2240507294466, 40.57334028419399, 127.15257995356895, 35.97103767973067, -19.121396836889105, 39.32643975643899, 26.834794839608577, 209.85243136462674, 68.4162277810071, 157.68155572526769, 151.11362849955557, 54.63110001769638, 120.88224815593924, 92.84953301344297, 164.46204476511866, 89.53862813192956, 38.75294498294781, 123.46773921891065, -6.680753699042924, 152.7461609709207, 143.33396284182558, 58.47693473052951, 167.4741128232862, 183.37588837408606, 126.72354554602023, 252.61339826654017, 128.5185071018837, 150.95753114934828, 150.22248308563297, 270.2334011329291, -9.260181434291255, 149.16277268613896, -39.53302406040277, 174.65728769768498, 242.7547107520561, 34.36839232508416, 159.62514312079148, 228.39133126767024, 122.71961660054495, 129.47445293949033, 128.95946924774745, -44.13127388356655, 136.7066617357708, -7.8613044887350005, 16.978545705968997, 34.95684265149907, 112.44493508920901, 108.23183326987828, 84.1575815490447, 45.17442643545575, 108.0768836247175, 28.68889440297434, 145.88395150898958, -30.471506162934915, 270.7381326679429, 129.94845524665573, 258.6846823824445, 216.48121444673015, 235.177154795019, -0.8289111009321601, 128.99931175725317, 249.74463446387384, 238.8694653138146, 139.99262941805983, 171.47994692532467, -15.836496695360864, 126.28582077993835, 258.2438531409433, 141.40650260353704, 162.87253207014706, 261.7188358939186, -23.33878128622659, 232.94457028772908, 22.992220065904263, 149.85844195994756, 45.448547448011524, 14.99261956214265, 166.13840407389716, 239.71102585141446, 298.0975331250928, 192.49744097784793, 146.32936023395317, 102.74175578527725, 10.858308825544341, 153.9815950196098, 113.01645593039662, 66.2436779033927, 150.81603366845994, 263.4002821410368, 236.40769048964992, 128.5223973011273, -85.63058969495069, 70.86505177584252, 255.4768016278386, 266.0168499347105, 226.37788602256188, 284.7292380275056, 234.27080236482595, 26.067352285664285, 71.57576222962136, 296.5497383108059, 252.83276599738704, 302.2041150937921, 128.41542768201325, 191.01965608569006, 27.38923529655652, 254.93838198312082, -9.100396574579392, 291.05514812390476, 86.4784270999588, 297.8464384500479, 248.65534060663006, 279.2005226461267, 98.64580721038342, 310.528753449975, -127.10134632261669, 6.577277301023486, 258.3613908948487, -34.83772282673897, 273.88267499441235, 256.683776369241, -123.41015609934091, -45.62508896920697, 134.6034659758647, -4.541318001320349, -33.274053264942964, -44.115541895760884, -81.24434025018769, -96.3931689949239, 165.04791674246212, -128.75723477490803, 301.867322245974, -80.75957930488758, -88.24168694351478, 246.91625077496343, -172.57974607599488, -122.27695614926452, 258.82249780479674, 115.47149730276432, 